gesture,timestamp,dx,dy,path_length,net_displacement,straightness,mean_speed,max_speed,direction_consistency
SWIPE_LEFT,1789323969.0726135,-0.18201231956481934,-0.014190435409545898,0.19677665829658508,0.1825646609067917,0.9277759790420532,0.011575097218155861,0.022595904767513275,0.8235294222831726
SWIPE_LEFT,1789323969.5766604,-0.2191755175590515,0.08849853277206421,0.24752889573574066,0.23636813461780548,0.9549112915992737,0.014560523442924023,0.02714388072490692,0.9411764740943909
SWIPE_LEFT,1789323970.0984206,0.06651884317398071,5.334615707397461e-05,0.21980474889278412,0.0665188655257225,0.3026270568370819,0.01292969100177288,0.04613044112920761,0.4117647111415863
SWIPE_LEFT,1789323973.7103865,-0.1491314172744751,-0.030262410640716553,0.17441052198410034,0.15217094123363495,0.8724871277809143,0.010259442031383514,0.047386959195137024,0.5882353186607361
SWIPE_LEFT,1789323974.244643,-0.22581496834754944,0.08260375261306763,0.2723807692527771,0.24044911563396454,0.8827683329582214,0.016022399067878723,0.04745345562696457,0.6470588445663452
SWIPE_LEFT,1789323974.7593884,0.11589500308036804,-0.04379314184188843,0.27194857597351074,0.12389305979013443,0.4555753469467163,0.01599697582423687,0.05603168159723282,0.5882353186607361
SWIPE_LEFT,1789323975.9596322,-0.18448776006698608,-0.03192472457885742,0.21903860569000244,0.18722960352897644,0.8547790050506592,0.012884624302387238,0.04037505015730858,0.7058823704719543
SWIPE_LEFT,1789323976.494108,-0.16503626108169556,0.06199049949645996,0.1926991492509842,0.17629460990428925,0.9148696660995483,0.01133524440228939,0.03578050434589386,0.7647058963775635
SWIPE_LEFT,1789323977.0057793,-0.026382625102996826,0.06957626342773438,0.16948829591274261,0.0744103416800499,0.43902939558029175,0.00996989943087101,0.03699231520295143,0.6470588445663452
SWIPE_LEFT,1789323978.2676857,-0.3236808776855469,0.019797086715698242,0.35148805379867554,0.32428574562072754,0.9226081371307373,0.020675767213106155,0.06459257006645203,0.7647058963775635
SWIPE_LEFT,1789323978.7680643,-0.19997179508209229,0.05950289964675903,0.25040262937545776,0.2086368054151535,0.8332052826881409,0.014729566872119904,0.06249826028943062,0.7058823704719543
SWIPE_LEFT,1789323980.4132073,-0.3183562457561493,0.0016992688179016113,0.33648544549942017,0.3183607757091522,0.9461353421211243,0.019793260842561722,0.06514457613229752,0.7647058963775635
SWIPE_LEFT,1789323980.9501286,-0.31122416257858276,0.07433706521987915,0.3866499066352844,0.31997886300086975,0.827567458152771,0.022744111716747284,0.0625309944152832,0.7058823704719543
SWIPE_LEFT,1789323982.5109992,-0.23587816953659058,0.0158083438873291,0.27527159452438354,0.2364073097705841,0.8588147759437561,0.016192447394132614,0.05701795592904091,0.7058823704719543
SWIPE_LEFT,1789323983.0194004,-0.23220545053482056,0.05779522657394409,0.2850859463214874,0.23928990960121155,0.8393605947494507,0.016769761219620705,0.047868482768535614,0.5882353186607361
SWIPE_LEFT,1789323983.7544832,0.49277424812316895,-0.1261683702468872,0.5908487439155579,0.5086697340011597,0.8609136343002319,0.034755807369947433,0.3107423484325409,0.5882353186607361
SWIPE_LEFT,1789323984.5645893,-0.2380581498146057,-0.024615168571472168,0.2698780596256256,0.23932737112045288,0.8867981433868408,0.015875179320573807,0.05605575442314148,0.5882353186607361
SWIPE_LEFT,1789323985.0869713,-0.27468088269233704,0.1304023265838623,0.3277060091495514,0.304063081741333,0.9278532266616821,0.019276823848485947,0.05143251642584801,0.8235294222831726
SWIPE_LEFT,1789323985.8501556,0.4508900046348572,-0.16220325231552124,0.5781105756759644,0.47917813062667847,0.8288693428039551,0.0340065062046051,0.25736817717552185,0.7058823704719543
SWIPE_LEFT,1789323986.6461794,-0.1697435975074768,0.00516057014465332,0.21177099645137787,0.16982202231884003,0.8019134998321533,0.012457117438316345,0.04589683562517166,0.6470588445663452
SWIPE_LEFT,1789323987.1460173,-0.22593170404434204,0.15558218955993652,0.3104047477245331,0.2743190824985504,0.8837463855743408,0.01825910247862339,0.04924607276916504,0.6470588445663452
SWIPE_LEFT,1789323987.6526704,0.17115846276283264,-0.12689441442489624,0.38273218274116516,0.2130666822195053,0.5566991567611694,0.022513657808303833,0.05563152953982353,0.7647058963775635
SWIPE_LEFT,1789323988.9384134,-0.2324429154396057,-0.05745750665664673,0.27423980832099915,0.23943908512592316,0.8731011152267456,0.016131753101944923,0.06352998316287994,0.5882353186607361
SWIPE_LEFT,1789323989.4165864,-0.3342658281326294,0.1032983660697937,0.39797255396842957,0.34986311197280884,0.8791136741638184,0.023410150781273842,0.06100372597575188,0.8235294222831726
SWIPE_LEFT,1789323991.3085322,-0.2237776517868042,-0.024021506309509277,0.23878242075443268,0.2250632643699646,0.9425453543663025,0.014046024531126022,0.05925406143069267,0.7058823704719543
SWIPE_LEFT,1789323991.8259356,-0.2527996301651001,0.12855958938598633,0.32186684012413025,0.2836110293865204,0.8811439871788025,0.018933342769742012,0.05746820941567421,0.6470588445663452
SWIPE_LEFT,1789323992.8114605,0.5696251392364502,-0.15388286113739014,0.6781511902809143,0.5900446772575378,0.8700783848762512,0.03989124670624733,0.4231373965740204,0.5882353186607361
SWIPE_LEFT,1789323994.1905189,-0.10594731569290161,-0.023789525032043457,0.17863249778747559,0.10858533531427383,0.6078699827194214,0.010507794097065926,0.0433121956884861,0.47058823704719543
SWIPE_LEFT,1789323994.7105148,-0.24555569887161255,0.05012291669845581,0.30493077635765076,0.2506190538406372,0.8218883275985718,0.017937105149030685,0.04372689872980118,0.7647058963775635
SWIPE_LEFT,1789323995.2108421,-0.003457576036453247,0.009401500225067139,0.1320691555738449,0.010017137043178082,0.07584766298532486,0.007768773939460516,0.031178029254078865,0.29411765933036804
SWIPE_LEFT,1789323996.8538995,-0.11509186029434204,-0.032706379890441895,0.13561154901981354,0.11964883655309677,0.8822908997535706,0.00797715038061142,0.03248986601829529,0.6470588445663452
SWIPE_LEFT,1789323997.3691254,-0.20376837253570557,0.037053704261779785,0.22304563224315643,0.2071099430322647,0.928554117679596,0.01312033087015152,0.034780893474817276,0.7058823704719543
SWIPE_LEFT,1789323997.8679843,-0.09081009030342102,0.07142817974090576,0.1302201747894287,0.11553552746772766,0.8872321248054504,0.007660010363906622,0.0213732048869133,0.7647058963775635
SWIPE_LEFT,1789323998.3604705,0.18981021642684937,-0.11205631494522095,0.24962323904037476,0.2204190045595169,0.883006751537323,0.014683719724416733,0.04231802746653557,0.529411792755127
SWIPE_LEFT,1789323999.5398908,-0.1300297975540161,-0.04348039627075195,0.1644890010356903,0.13710686564445496,0.8335321545600891,0.009675823152065277,0.04064445197582245,0.7058823704719543
SWIPE_LEFT,1789324000.0628574,-0.18814456462860107,0.03317224979400635,0.20633213222026825,0.19104652106761932,0.9259174466133118,0.012137183919548988,0.03992999345064163,0.6470588445663452
SWIPE_LEFT,1789324000.5623002,-0.066631019115448,0.1033582091331482,0.1432197093963623,0.12297403067350388,0.8586390018463135,0.008424689061939716,0.019947437569499016,0.5882353186607361
SWIPE_LEFT,1789324001.0562556,0.20592111349105835,-0.1535029411315918,0.29402437806129456,0.2568397521972656,0.8735321760177612,0.017295552417635918,0.052180614322423935,0.7058823704719543
SWIPE_LEFT,1789324002.2714064,-0.16879338026046753,-0.03163856267929077,0.1861162781715393,0.17173294723033905,0.9227185845375061,0.010948016308248043,0.04168875887989998,0.6470588445663452
SWIPE_LEFT,1789324002.7651474,-0.22828739881515503,0.10123729705810547,0.2620584964752197,0.24972809851169586,0.9529479742050171,0.015415205620229244,0.04418979957699776,0.7647058963775635
SWIPE_LEFT,1789324003.323046,-0.07180145382881165,0.10983693599700928,0.14999453723430634,0.13122348487377167,0.8748550415039062,0.008823208510875702,0.021132683381438255,0.5882353186607361
SWIPE_LEFT,1789324003.8355448,0.2924705147743225,-0.15617573261260986,0.365325391292572,0.3315567374229431,0.9075655341148376,0.02148972824215889,0.05222659930586815,0.8823529481887817
SWIPE_LEFT,1789324004.941269,-0.16064518690109253,-0.032994210720062256,0.20019347965717316,0.16399845480918884,0.819199800491333,0.011776086874306202,0.03580651059746742,0.7647058963775635
SWIPE_LEFT,1789324005.4330618,-0.20512831211090088,0.06361538171768188,0.2294115275144577,0.2147662490606308,0.9361615180969238,0.013494796119630337,0.03654417768120766,0.7647058963775635
SWIPE_LEFT,1789324005.9252338,-0.08856219053268433,0.09232568740844727,0.1494198739528656,0.12793472409248352,0.8562095761299133,0.008789404295384884,0.022899990901350975,0.6470588445663452
SWIPE_LEFT,1789324007.719847,-0.129004567861557,-0.0391465425491333,0.1547035276889801,0.1348133236169815,0.8714301586151123,0.00910020712763071,0.03254389017820358,0.8235294222831726
SWIPE_LEFT,1789324008.2108772,-0.19409030675888062,0.16674011945724487,0.29699450731277466,0.2558775246143341,0.8615564703941345,0.017470264807343483,0.04300002381205559,0.9411764740943909
SWIPE_LEFT,1789324008.7217784,0.1907927691936493,-0.04577350616455078,0.2986975312232971,0.19620676338672638,0.656874418258667,0.01757044345140457,0.06325926631689072,0.5882353186607361
SWIPE_LEFT,1789324009.8038123,-0.19078147411346436,-0.035492122173309326,0.23021018505096436,0.19405479729175568,0.8429461717605591,0.01354177575558424,0.04028024524450302,0.6470588445663452
SWIPE_LEFT,1789324010.3004923,-0.16043689846992493,0.1473085880279541,0.23972134292125702,0.2178068310022354,0.908583402633667,0.014101255685091019,0.04070451855659485,0.6470588445663452
SWIPE_LEFT,1789324010.7966902,0.14750805497169495,-0.10209888219833374,0.2518520951271057,0.1793956756591797,0.7123056650161743,0.01481482945382595,0.05415273457765579,0.7647058963775635
SWIPE_LEFT,1789324011.8201356,-0.1808885931968689,-0.06380486488342285,0.24123021960258484,0.19181174039840698,0.7951397895812988,0.014190012589097023,0.04750075936317444,0.529411792755127
SWIPE_LEFT,1789324012.3400912,-0.27522754669189453,0.06908774375915527,0.3413480520248413,0.2837662994861603,0.8313107490539551,0.020079297944903374,0.05914411321282387,0.6470588445663452
SWIPE_LEFT,1789324012.843408,0.19348999857902527,-0.02744537591934204,0.23857462406158447,0.1954267919063568,0.8191432356834412,0.014033801853656769,0.06536136567592621,0.7647058963775635
SWIPE_LEFT,1789324014.175057,-0.13103187084197998,-0.00819242000579834,0.16465455293655396,0.13128772377967834,0.7973525524139404,0.009685561992228031,0.046429745852947235,0.529411792755127
SWIPE_LEFT,1789324014.674814,-0.28952527046203613,0.07074928283691406,0.3365427851676941,0.29804420471191406,0.8856056928634644,0.01979663409292698,0.050538185983896255,0.7647058963775635
SWIPE_LEFT,1789324015.1784782,-0.05639612674713135,0.15143108367919922,0.24436639249324799,0.16159175336360931,0.6612683534622192,0.01437449362128973,0.055246803909540176,0.529411792755127
SWIPE_LEFT,1789324016.4004118,-0.2340366244316101,-0.07986819744110107,0.28150036931037903,0.24728944897651672,0.8784693479537964,0.016558844596147537,0.0490228570997715,0.5882353186607361
SWIPE_LEFT,1789324016.9271915,-0.11943212151527405,0.032418131828308105,0.18222805857658386,0.12375365197658539,0.6791141629219055,0.0107192974537611,0.04168470948934555,0.7058823704719543
SWIPE_LEFT,1789324017.4392393,0.305503785610199,0.03515934944152832,0.35419905185699463,0.3075203001499176,0.8682132363319397,0.020835237577557564,0.06281542778015137,0.7058823704719543
SWIPE_LEFT,1789324018.4027374,-0.2302263379096985,-0.06386935710906982,0.2710232138633728,0.23892144858837128,0.8815534710884094,0.015942541882395744,0.05381409451365471,0.6470588445663452
SWIPE_LEFT,1789324018.9056935,-0.14082911610603333,0.021265625953674316,0.20628082752227783,0.14242565631866455,0.6904454231262207,0.012134166434407234,0.040836166590452194,0.7647058963775635
SWIPE_LEFT,1789324019.4099379,0.12077215313911438,-0.011640787124633789,0.19397076964378357,0.12133186310529709,0.6255162358283997,0.011410045437514782,0.04011695832014084,0.5882353186607361
SWIPE_LEFT,1789324020.4436371,-0.1984868049621582,-0.015647053718566895,0.24883772432804108,0.19910259544849396,0.8001302480697632,0.01463751308619976,0.055248163640499115,0.47058823704719543
SWIPE_LEFT,1789324020.9360204,-0.3282957077026367,0.07046973705291748,0.41836652159690857,0.3357738256454468,0.8025829195976257,0.024609794840216637,0.06981324404478073,0.8235294222831726
SWIPE_LEFT,1789324021.4453678,0.08619412779808044,0.029490292072296143,0.17888344824314117,0.09109942615032196,0.5092669129371643,0.010522555559873581,0.04246979579329491,0.6470588445663452
SWIPE_LEFT,1789324023.590437,-0.18825942277908325,-0.040680646896362305,0.21891215443611145,0.19260458648204803,0.8798258900642395,0.012877185828983784,0.04913262650370598,0.529411792755127
SWIPE_LEFT,1789324024.1114771,-0.20469743013381958,0.07409226894378662,0.27740439772605896,0.21769405901432037,0.7847534418106079,0.016317905858159065,0.05064898356795311,0.7647058963775635
SWIPE_LEFT,1789324024.6745522,0.2890963554382324,-0.05243152379989624,0.31601738929748535,0.29381248354911804,0.9297351241111755,0.018589258193969727,0.0696370080113411,0.9411764740943909
SWIPE_LEFT,1789324025.7885818,-0.2213863730430603,-0.036316514015197754,0.24623848497867584,0.22434529662132263,0.9110895395278931,0.014484616927802563,0.04157974198460579,0.8823529481887817
SWIPE_LEFT,1789324026.3139043,-0.1416686475276947,0.08646655082702637,0.1892918348312378,0.1659712940454483,0.8768011331558228,0.011134813539683819,0.031418826431035995,0.7058823704719543
SWIPE_LEFT,1789324027.0957627,0.40951043367385864,-0.05095040798187256,0.4496242105960846,0.412667840719223,0.917806088924408,0.026448482647538185,0.23132801055908203,0.6470588445663452
SWIPE_LEFT,1789324027.8584635,-0.18448269367218018,-0.05147957801818848,0.22225123643875122,0.19153070449829102,0.8617756366729736,0.013073601759970188,0.040362510830163956,0.7058823704719543
SWIPE_LEFT,1789324028.381454,-0.20885998010635376,0.06708824634552002,0.2603478729724884,0.2193702906370163,0.8426045179367065,0.015314580872654915,0.05735422298312187,0.6470588445663452
SWIPE_LEFT,1789324028.8735535,0.09883838891983032,-0.021934092044830322,0.1394738256931305,0.10124292969703674,0.7258920073509216,0.008204342797398567,0.03419117256999016,0.7647058963775635
SWIPE_LEFT,1789324030.238926,-0.1924600899219513,-0.02360481023788452,0.21002857387065887,0.19390222430229187,0.923218309879303,0.012354621663689613,0.037388868629932404,0.8235294222831726
SWIPE_LEFT,1789324030.7246873,-0.1853724718093872,0.09656500816345215,0.23196671903133392,0.20901615917682648,0.9010609984397888,0.013645101338624954,0.054145850241184235,0.7647058963775635
SWIPE_LEFT,1789324031.235621,0.08286431431770325,-0.030679285526275635,0.1416744887828827,0.08836126327514648,0.6236921548843384,0.008333793841302395,0.03954940661787987,0.5882353186607361
SWIPE_LEFT,1789324032.5299313,-0.20316267013549805,-0.02872389554977417,0.2371860146522522,0.20518316328525543,0.8650727868080139,0.013952118344604969,0.05041487142443657,0.6470588445663452
SWIPE_LEFT,1789324033.0370877,-0.2285090982913971,0.03787189722061157,0.28948506712913513,0.23162618279457092,0.8001317381858826,0.017028532922267914,0.04672379791736603,0.6470588445663452
SWIPE_LEFT,1789324033.5317218,-0.018570691347122192,0.020217180252075195,0.12955361604690552,0.02745186537504196,0.21189579367637634,0.007620800752192736,0.025483647361397743,0.6470588445663452
SWIPE_LEFT,1789324034.9817133,-0.11916005611419678,0.024917006492614746,0.16005097329616547,0.12173732370138168,0.7606159448623657,0.009414763189852238,0.032879408448934555,0.7647058963775635
SWIPE_LEFT,1789324035.5128288,-0.15698212385177612,0.0056618452072143555,0.18321746587753296,0.15708419680595398,0.8573647141456604,0.010777497664093971,0.029890883713960648,0.6470588445663452
SWIPE_LEFT,1789324036.0076835,-0.055269598960876465,0.08625948429107666,0.12590807676315308,0.10244718939065933,0.813666582107544,0.007406357675790787,0.02089563012123108,0.529411792755127
SWIPE_RIGHT,1789324039.7969592,0.04744568467140198,0.013095557689666748,0.11200162768363953,0.049219779670238495,0.43945592641830444,0.0065883309580385685,0.029260382056236267,0.47058823704719543
SWIPE_RIGHT,1789324040.3249495,0.1685863733291626,-0.019974052906036377,0.1803330034017563,0.16976550221443176,0.9414001107215881,0.010607823729515076,0.0300535187125206,0.8235294222831726
SWIPE_RIGHT,1789324040.8291874,0.11922198534011841,-0.004048526287078857,0.13683941960334778,0.11929070204496384,0.8717568516731262,0.008049377240240574,0.021902132779359818,0.8235294222831726
SWIPE_RIGHT,1789324041.3402662,-0.3162177801132202,-0.02826523780822754,0.34765374660491943,0.3174785077571869,0.9132031798362732,0.02045021951198578,0.05651899427175522,0.8235294222831726
SWIPE_RIGHT,1789324042.410809,0.09291811287403107,-0.016892552375793457,0.12050766497850418,0.09444116801023483,0.7836942672729492,0.007088686339557171,0.026015879586338997,0.7647058963775635
SWIPE_RIGHT,1789324042.9368515,0.19420385360717773,0.010982632637023926,0.20762209594249725,0.19451415538787842,0.9368663430213928,0.012213064357638359,0.03208338841795921,0.6470588445663452
SWIPE_RIGHT,1789324043.4323366,0.1892661452293396,0.02138698101043701,0.19743523001670837,0.19047066569328308,0.9647248387336731,0.011613837443292141,0.03069695644080639,0.9411764740943909
SWIPE_RIGHT,1789324043.942004,-0.0007941126823425293,-0.0735771656036377,0.26020947098731995,0.07358144968748093,0.2827777564525604,0.015306439250707626,0.05074027553200722,0.4117647111415863
SWIPE_RIGHT,1789324045.0569024,0.10888862609863281,-0.030046164989471436,0.15493673086166382,0.11295797675848007,0.7290587425231934,0.009113925509154797,0.030703209340572357,0.8235294222831726
SWIPE_RIGHT,1789324045.5834706,0.18309998512268066,0.03641235828399658,0.19182182848453522,0.1866854727268219,0.9732232689857483,0.011283637024462223,0.028370991349220276,0.8235294222831726
SWIPE_RIGHT,1789324046.0729544,-0.014749884605407715,-0.027680575847625732,0.1605256348848343,0.03136516362428665,0.19539035856723785,0.00944268424063921,0.02923264354467392,0.3529411852359772
SWIPE_RIGHT,1789324046.5692616,-0.3325696587562561,0.05505657196044922,0.37058618664741516,0.33709612488746643,0.9096295237541199,0.02179918810725212,0.05500738322734833,0.8235294222831726
SWIPE_RIGHT,1789324047.6270852,0.06674686074256897,-0.021470606327056885,0.11832695454359055,0.0701151192188263,0.5925540924072266,0.006960409227758646,0.023974955081939697,0.7647058963775635
SWIPE_RIGHT,1789324048.1211128,0.20063471794128418,-0.01580500602722168,0.2162836194038391,0.20125627517700195,0.9305201768875122,0.012722565792500973,0.0330771803855896,0.8823529481887817
SWIPE_RIGHT,1789324048.616189,0.18838882446289062,-0.025387287139892578,0.21541795134544373,0.19009172916412354,0.8824321627616882,0.012671643868088722,0.029313690960407257,1.0
SWIPE_RIGHT,1789324050.0387485,0.06970140337944031,0.06036782264709473,0.16614964604377747,0.09220932424068451,0.554977536201477,0.00977350864559412,0.03566529229283333,0.7058823704719543
SWIPE_RIGHT,1789324050.5393603,0.2710622549057007,0.025283217430114746,0.3075923025608063,0.2722388505935669,0.885063886642456,0.018093664199113846,0.0438837967813015,0.8235294222831726
SWIPE_RIGHT,1789324051.486453,-0.2833489775657654,-0.12037569284439087,0.6199608445167542,0.3078586459159851,0.49657759070396423,0.03646828606724739,0.2809109389781952,0.529411792755127
SWIPE_RIGHT,1789324052.7444797,0.11172020435333252,-0.01609104871749878,0.13552477955818176,0.11287305504083633,0.8328591585159302,0.007972045801579952,0.037665221840143204,0.7058823704719543
SWIPE_RIGHT,1789324053.2608585,0.28018784523010254,0.08945053815841675,0.3007705807685852,0.29412010312080383,0.9778884649276733,0.017692387104034424,0.047790538519620895,0.9411764740943909
SWIPE_RIGHT,1789324053.7900083,-0.009555399417877197,-0.04760539531707764,0.23867496848106384,0.0485549122095108,0.2034352868795395,0.014039703644812107,0.0385911799967289,0.6470588445663452
SWIPE_RIGHT,1789324055.07573,0.07130008935928345,-0.0004717111587524414,0.11993394792079926,0.0713016465306282,0.59450763463974,0.00705493800342083,0.03298714756965637,0.6470588445663452
SWIPE_RIGHT,1789324055.6014223,0.19576296210289001,0.0152815580368042,0.20493172109127045,0.19635850191116333,0.9581655263900757,0.012054807506501675,0.03344586491584778,0.8823529481887817
SWIPE_RIGHT,1789324056.0997984,0.11060911417007446,0.07074534893035889,0.14943590760231018,0.13129843771457672,0.8786271214485168,0.00879034772515297,0.02489488571882248,1.0
SWIPE_RIGHT,1789324057.8438208,0.0985284149646759,-0.043259382247924805,0.1485716551542282,0.10760679841041565,0.7242754101753235,0.00873950868844986,0.032562509179115295,0.7058823704719543
SWIPE_RIGHT,1789324058.3253434,0.24455931782722473,0.04695659875869751,0.2643091082572937,0.24902646243572235,0.9421789050102234,0.015547594986855984,0.03761613368988037,0.8235294222831726
SWIPE_RIGHT,1789324058.8742518,0.09622526168823242,0.07806873321533203,0.19778744876384735,0.12391137331724167,0.6264875531196594,0.011634555645287037,0.035543281584978104,0.5882353186607361
SWIPE_RIGHT,1789324060.4502509,0.12006834149360657,-0.04576593637466431,0.14959652721881866,0.12849485874176025,0.8589427471160889,0.008799795992672443,0.03466065600514412,0.7647058963775635
SWIPE_RIGHT,1789324060.9649742,0.2045658826828003,0.041293203830718994,0.2218974083662033,0.20869195461273193,0.9404884576797485,0.013052788563072681,0.03158291056752205,0.7647058963775635
SWIPE_RIGHT,1789324061.4607809,0.17500871419906616,0.09987258911132812,0.2108401507139206,0.20150083303451538,0.9557042717933655,0.012402362190186977,0.029679037630558014,0.9411764740943909
SWIPE_RIGHT,1789324061.9722533,-0.2590811252593994,-0.1113123893737793,0.32928577065467834,0.28198134899139404,0.8563423156738281,0.01936975121498108,0.055391788482666016,0.9411764740943909
SWIPE_RIGHT,1789324063.1122735,0.11964669823646545,0.053642451763153076,0.21662312746047974,0.13112148642539978,0.6052977442741394,0.012742537073791027,0.048256319016218185,0.6470588445663452
SWIPE_RIGHT,1789324063.6397154,0.22528716921806335,0.010370612144470215,0.25311243534088135,0.22552573680877686,0.8910101056098938,0.014888966456055641,0.04365100711584091,0.5882353186607361
SWIPE_RIGHT,1789324064.1369731,0.19219070672988892,-0.00953298807144165,0.24370862543582916,0.19242699444293976,0.7895780801773071,0.01433580182492733,0.03605843335390091,0.7647058963775635
SWIPE_RIGHT,1789324064.6483743,-0.04093062877655029,-0.027448415756225586,0.09416120499372482,0.04928216710686684,0.5233808159828186,0.0055388943292200565,0.017001530155539513,0.47058823704719543
SWIPE_RIGHT,1789324066.268366,0.15887033939361572,-0.019307255744934082,0.2029774785041809,0.16003923118114471,0.7884580492973328,0.011939851567149162,0.043271053582429886,0.5882353186607361
SWIPE_RIGHT,1789324066.778574,0.2019280195236206,0.028894901275634766,0.21312467753887177,0.20398490130901337,0.9571153521537781,0.012536745518445969,0.035085514187812805,0.8823529481887817
SWIPE_RIGHT,1789324067.2803426,0.1251281499862671,0.06013500690460205,0.1689358800649643,0.13882821798324585,0.8217805027961731,0.009937404654920101,0.026944926008582115,0.6470588445663452
SWIPE_RIGHT,1789324069.0557945,0.09889490902423859,-0.013128817081451416,0.1633143275976181,0.09976255893707275,0.6108622550964355,0.009606725536286831,0.032565638422966,0.6470588445663452
SWIPE_RIGHT,1789324069.5510907,0.19176983833312988,0.0211104154586792,0.2009981870651245,0.192928284406662,0.9598508477210999,0.011823423206806183,0.031049445271492004,0.8235294222831726
SWIPE_RIGHT,1789324070.0796103,0.18094617128372192,0.09270310401916504,0.21241123974323273,0.2033110409975052,0.9571576714515686,0.01249477919191122,0.03033556416630745,1.0
SWIPE_RIGHT,1789324070.6095335,0.02645277976989746,0.040292203426361084,0.2060527354478836,0.04819970205426216,0.23391924798488617,0.012120748870074749,0.03151540085673332,0.4117647111415863
SWIPE_RIGHT,1789324071.845849,0.16146516799926758,0.016454875469207764,0.17694279551506042,0.1623014509677887,0.917253851890564,0.010408399626612663,0.03278493136167526,0.8823529481887817
SWIPE_RIGHT,1789324072.3469608,0.1730278730392456,0.11907088756561279,0.21543940901756287,0.21003933250904083,0.9749345779418945,0.0126729067414999,0.03099025785923004,0.8823529481887817
SWIPE_RIGHT,1789324072.867506,-0.012861013412475586,0.003875255584716797,0.1670084297657013,0.013432173058390617,0.0804281160235405,0.009824025444686413,0.03339210897684097,0.47058823704719543
SWIPE_RIGHT,1789324074.0778322,0.17198717594146729,-0.026969194412231445,0.1983177214860916,0.17408885061740875,0.8778280019760132,0.011665748432278633,0.041553694754838943,0.8823529481887817
SWIPE_RIGHT,1789324074.557589,0.23688578605651855,0.07564997673034668,0.26059508323669434,0.24867206811904907,0.9542469382286072,0.015329122543334961,0.03796326369047165,0.8823529481887817
SWIPE_RIGHT,1789324075.0954916,0.033079683780670166,0.013228893280029297,0.21541297435760498,0.03562680259346962,0.16538837552070618,0.012671351432800293,0.035780169069767,0.4117647111415863
SWIPE_RIGHT,1789324076.565265,0.15506699681282043,-0.015557348728179932,0.1854647994041443,0.15584544837474823,0.8402966856956482,0.010909694246947765,0.0456075519323349,0.6470588445663452
SWIPE_RIGHT,1789324077.056298,0.22046035528182983,0.07925045490264893,0.24330788850784302,0.2342720627784729,0.9628626108169556,0.014312229119241238,0.03745251148939133,0.9411764740943909
SWIPE_RIGHT,1789324077.5659869,0.0757523775100708,0.076305091381073,0.1798042356967926,0.10752157866954803,0.597992479801178,0.010576719418168068,0.03310031816363335,0.5882353186607361
SWIPE_RIGHT,1789324079.2665482,0.14753490686416626,-0.024338483810424805,0.1783590316772461,0.14952896535396576,0.8383593559265137,0.010491707362234592,0.03747599571943283,0.7058823704719543
SWIPE_RIGHT,1789324079.7653854,0.2049465775489807,0.07804220914840698,0.2234497219324112,0.2193027287721634,0.9814410209655762,0.01314410101622343,0.03431018814444542,0.9411764740943909
SWIPE_RIGHT,1789324080.2624369,0.1397807002067566,0.10721182823181152,0.19362981617450714,0.17616191506385803,0.909787118434906,0.011389989405870438,0.031111707910895348,0.7647058963775635
SWIPE_RIGHT,1789324082.171895,0.15138939023017883,-0.07878780364990234,0.19355787336826324,0.17066419124603271,0.8817217350006104,0.011385757476091385,0.039683546870946884,0.8235294222831726
SWIPE_RIGHT,1789324082.6613526,0.21878141164779663,0.024517595767974854,0.22637644410133362,0.2201509028673172,0.9724991321563721,0.01331626158207655,0.03228216990828514,0.9411764740943909
SWIPE_RIGHT,1789324083.172516,0.010576248168945312,-0.012860536575317383,0.22158277034759521,0.016650838777422905,0.07514500617980957,0.013034280389547348,0.036958515644073486,0.7058823704719543
SWIPE_RIGHT,1789324084.690508,0.226143479347229,-0.07389169931411743,0.2713213562965393,0.23790934681892395,0.8768544793128967,0.015960080549120903,0.042571380734443665,0.8823529481887817
SWIPE_RIGHT,1789324085.2189403,0.20272445678710938,0.023799598217010498,0.21571548283100128,0.20411670207977295,0.9462310671806335,0.012689146213233471,0.03566170111298561,0.8823529481887817
SWIPE_RIGHT,1789324087.4062397,0.07217693328857422,-0.06137073040008545,0.12226086109876633,0.0947410985827446,0.774909496307373,0.007191815413534641,0.027152135968208313,0.8235294222831726
SWIPE_RIGHT,1789324087.9044113,0.18145248293876648,-0.018397808074951172,0.20289340615272522,0.18238279223442078,0.8989093899726868,0.011934906244277954,0.02793557569384575,0.8823529481887817
SWIPE_RIGHT,1789324088.401688,0.18460023403167725,0.09277355670928955,0.2096424251794815,0.20660150051116943,0.9854946732521057,0.012331907637417316,0.031006691977381706,1.0
SWIPE_RIGHT,1789324088.9047086,0.007779896259307861,0.02004307508468628,0.152137890458107,0.021500037983059883,0.1413194239139557,0.008949287235736847,0.024486888200044632,0.5882353186607361
SWIPE_RIGHT,1789324090.4631114,0.11111801862716675,-0.07317298650741577,0.16897766292095184,0.1330469846725464,0.7873643040657043,0.009939862415194511,0.03543931245803833,0.7058823704719543
SWIPE_RIGHT,1789324090.9840689,0.18807095289230347,0.0186501145362854,0.19952991604804993,0.1889934092760086,0.9471933841705322,0.011737054213881493,0.028274789452552795,0.7647058963775635
SWIPE_RIGHT,1789324091.478438,0.16498994827270508,0.10248291492462158,0.20900321006774902,0.19422778487205505,0.9293052554130554,0.012294306419789791,0.03018208034336567,0.8823529481887817
SWIPE_RIGHT,1789324091.9786282,-0.13023829460144043,-0.09117680788040161,0.2507869601249695,0.1589818298816681,0.6339318156242371,0.01475217379629612,0.04735012352466583,0.6470588445663452
SWIPE_RIGHT,1789324093.222926,0.14238232374191284,-0.055339813232421875,0.17604070901870728,0.15275870263576508,0.8677464723587036,0.010355335660278797,0.038836266845464706,0.7647058963775635
SWIPE_RIGHT,1789324093.7393868,0.24550122022628784,0.04969823360443115,0.2620546519756317,0.2504810690879822,0.955835223197937,0.015414979308843613,0.037868570536375046,0.8823529481887817
SWIPE_RIGHT,1789324094.2371907,0.13813138008117676,0.09178966283798218,0.2159283310174942,0.16584818065166473,0.7680705189704895,0.012701666913926601,0.035748258233070374,0.7058823704719543
SWIPE_RIGHT,1789324095.659498,0.1869734525680542,0.05089235305786133,0.21309161186218262,0.19377590715885162,0.9093549251556396,0.012534800916910172,0.049393776804208755,0.8823529481887817
SWIPE_RIGHT,1789324096.1777146,0.36083346605300903,0.039430856704711914,0.44637545943260193,0.36298152804374695,0.8131753206253052,0.026257380843162537,0.07622937113046646,0.7058823704719543
SWIPE_RIGHT,1789324097.9561796,0.18210315704345703,0.0232771635055542,0.2091132253408432,0.18358482420444489,0.8779206275939941,0.012300778180360794,0.059393808245658875,0.6470588445663452
SWIPE_RIGHT,1789324098.4450457,0.3003809452056885,0.030092298984527588,0.32046574354171753,0.3018845021724701,0.9420180320739746,0.01885092630982399,0.0585225485265255,0.8823529481887817
SWIPE_RIGHT,1789324100.2212179,0.11201697587966919,0.005572497844696045,0.13003535568714142,0.1121554970741272,0.862500011920929,0.007649138569831848,0.03794178366661072,0.6470588445663452
SWIPE_RIGHT,1789324100.7345934,0.32839250564575195,0.003983020782470703,0.33821508288383484,0.328416645526886,0.9710290431976318,0.019895004108548164,0.054205577820539474,0.8823529481887817
SWIPE_RIGHT,1789324101.2573586,-0.027640223503112793,-0.04874145984649658,0.1813114881515503,0.05603313073515892,0.3090434670448303,0.010665381327271461,0.03544851765036583,0.5882353186607361
SWIPE_RIGHT,1789324102.4986503,0.012888789176940918,0.11578059196472168,0.17731307446956635,0.116495780646801,0.6570061445236206,0.010430180467665195,0.026339558884501457,0.7058823704719543
SWIPE_RIGHT,1789324103.0019941,0.2649954855442047,0.041656315326690674,0.28549855947494507,0.26824960112571716,0.9395830631256104,0.016794033348560333,0.03776812180876732,0.8823529481887817
SWIPE_RIGHT,1789324103.4939277,0.20216989517211914,-0.04705929756164551,0.22930869460105896,0.20757466554641724,0.9052193760871887,0.01348874717950821,0.03514091297984123,0.8823529481887817
SWIPE_RIGHT,1789324105.1464972,0.1536853313446045,0.01971721649169922,0.17438769340515137,0.1549449861049652,0.8885087370872498,0.010258099995553493,0.033076103776693344,0.8235294222831726
SWIPE_RIGHT,1789324105.6333094,0.20213884115219116,0.002862691879272461,0.21828186511993408,0.2021591067314148,0.9261379241943359,0.012840109877288342,0.033050600439310074,0.8235294222831726
SWIPE_RIGHT,1789324107.4997742,0.1559697389602661,0.06586688756942749,0.21045683324337006,0.1693074256181717,0.8044757843017578,0.012379813939332962,0.03213534876704216,0.7647058963775635
SWIPE_RIGHT,1789324108.0350113,0.17376446723937988,-0.026680171489715576,0.18202799558639526,0.17580080032348633,0.9657899141311646,0.01070752926170826,0.027257977053523064,0.9411764740943909
SWIPE_RIGHT,1789324108.5421112,0.05612051486968994,0.039057791233062744,0.17036455869674683,0.0683741420507431,0.40134018659591675,0.010021444410085678,0.030633017420768738,0.5882353186607361
SWIPE_RIGHT,1789324109.873067,0.0918332040309906,-0.004152476787567139,0.10699580609798431,0.09192703664302826,0.8591648936271667,0.006293870974332094,0.025710731744766235,0.8235294222831726
SWIPE_RIGHT,1789324110.3678782,0.179920494556427,-0.014664769172668457,0.18691758811473846,0.18051715195178986,0.9657579660415649,0.010995152406394482,0.031113574281334877,1.0
SWIPE_RIGHT,1789324110.867583,0.22445011138916016,0.07709658145904541,0.25375857949256897,0.23732200264930725,0.9352275133132935,0.014926975592970848,0.04012272134423256,0.8823529481887817
SWIPE_RIGHT,1789324112.556593,0.08341354131698608,-0.00046885013580322266,0.09770409762859344,0.08341486006975174,0.8537498712539673,0.005747299641370773,0.029632506892085075,0.7647058963775635
SWIPE_RIGHT,1789324113.067814,0.20371592044830322,0.011810064315795898,0.2155272215604782,0.2040579617023468,0.9467851519584656,0.012678071856498718,0.030128132551908493,1.0
SWIPE_RIGHT,1789324113.5642655,0.1382502317428589,0.11174732446670532,0.20742081105709076,0.17776554822921753,0.8570285439491272,0.012201224453747272,0.03268280625343323,0.8235294222831726
NO_SWIPE,1789324117.4455462,-0.002121150493621826,-0.0075650811195373535,0.020562930032610893,0.007856827229261398,0.38208693265914917,0.0012095840647816658,0.004082401283085346,0.47058823704719543
NO_SWIPE,1789324117.9799728,-0.0036243200302124023,0.0011394023895263672,0.013430214487016201,0.003799201687797904,0.2828846573829651,0.0007900125929154456,0.0023493601474910975,0.7058823704719543
NO_SWIPE,1789324118.4682171,-0.010728240013122559,-0.00593876838684082,0.02431919239461422,0.012262304313480854,0.5042233467102051,0.0014305406948551536,0.003585613099858165,0.6470588445663452
NO_SWIPE,1789324118.9620652,-0.002119898796081543,-0.003880739212036133,0.015725739300251007,0.004422002471983433,0.2811952233314514,0.0009250434814020991,0.0024136172141879797,0.529411792755127
NO_SWIPE,1789324119.4509175,0.0006137490272521973,-0.0002740621566772461,0.016487551853060722,0.0006721591344103217,0.04076767340302467,0.000969855987932533,0.0028050048276782036,0.5882353186607361
NO_SWIPE,1789324119.9379632,0.002275407314300537,0.0017849206924438477,0.010036654770374298,0.0028919577598571777,0.28813961148262024,0.0005903914570808411,0.0016128915594890714,0.529411792755127
NO_SWIPE,1789324120.4326508,0.00021946430206298828,-0.002580404281616211,0.014668464660644531,0.0025897203013300896,0.17655019462108612,0.0008628508658148348,0.002666073851287365,0.529411792755127
NO_SWIPE,1789324120.9235258,0.0029428601264953613,3.7789344787597656e-05,0.019179217517375946,0.0029431027360260487,0.15345269441604614,0.0011281892657279968,0.0033745556138455868,0.5882353186607361
NO_SWIPE,1789324121.4251256,-0.0004965066909790039,-0.0013295412063598633,0.022033022716641426,0.0014192246599122882,0.06441352516412735,0.0012960601598024368,0.004703315906226635,0.4117647111415863
NO_SWIPE,1789324121.937464,0.010830938816070557,-0.002411961555480957,0.0259022768586874,0.01109625119715929,0.4283890426158905,0.0015236632898449898,0.0038968301378190517,0.7647058963775635
NO_SWIPE,1789324122.4331312,0.015896141529083252,-0.0020965933799743652,0.026886777952313423,0.016033807769417763,0.5963454842567444,0.001581575139425695,0.003702685236930847,0.8235294222831726
NO_SWIPE,1789324122.9537158,0.003209233283996582,0.006827056407928467,0.0345778726041317,0.007543731015175581,0.21816642582416534,0.002033992437645793,0.004858438391238451,0.6470588445663452
NO_SWIPE,1789324123.475835,0.0011003613471984863,0.005723416805267334,0.01957223378121853,0.005828232504427433,0.2977806627750397,0.0011513078352436423,0.0034622224047780037,0.5882353186607361
NO_SWIPE,1789324124.001243,0.00018596649169921875,-0.004006445407867432,0.028227943927049637,0.0040107592940330505,0.14208470284938812,0.0016604672418907285,0.0048967041075229645,0.529411792755127
NO_SWIPE,1789324124.5106235,0.0013335347175598145,-0.017738938331604004,0.023863444104790688,0.017788993194699287,0.7454494833946228,0.0014037319924682379,0.003951415419578552,0.4117647111415863
NO_SWIPE,1789324125.051196,-0.015762925148010254,-0.025746524333953857,0.033754657953977585,0.030188629403710365,0.8943544626235962,0.0019855680875480175,0.005567445885390043,0.8235294222831726
NO_SWIPE,1789324125.5478601,-0.011519551277160645,-0.007934868335723877,0.019756611436605453,0.013987930491566658,0.7080126404762268,0.0011621536687016487,0.0037415996193885803,0.8235294222831726
NO_SWIPE,1789324126.0303354,-0.00014144182205200195,0.003941595554351807,0.013926380313932896,0.003944132477045059,0.2832130491733551,0.0008191988454200327,0.0030223936773836613,0.529411792755127
NO_SWIPE,1789324126.507076,-0.02731788158416748,-0.021138489246368408,0.03905954957008362,0.03454131260514259,0.8843244314193726,0.0022976205218583345,0.0074772960506379604,0.7647058963775635
NO_SWIPE,1789324127.015574,-0.018986046314239502,-0.005222201347351074,0.028541022911667824,0.01969114877283573,0.689924418926239,0.0016788836801424623,0.005142269190400839,0.6470588445663452
NO_SWIPE,1789324127.5069964,-0.004049360752105713,0.0029302239418029785,0.01331915333867073,0.004998353309929371,0.375275582075119,0.0007834795978851616,0.002671453868970275,0.5882353186607361
NO_SWIPE,1789324128.0010297,-0.0018318891525268555,0.006195425987243652,0.013902593404054642,0.006460581906139851,0.46470338106155396,0.0008177995914593339,0.0025862804614007473,0.529411792755127
NO_SWIPE,1789324128.4960666,-0.0016671419143676758,-0.002104461193084717,0.010463999584317207,0.002684794133529067,0.2565743625164032,0.0006155293667688966,0.0025735367089509964,0.6470588445663452
NO_SWIPE,1789324128.972473,0.0027060508728027344,-0.0011652708053588867,0.01206827163696289,0.002946280175819993,0.24413439631462097,0.000709898304194212,0.0025593636091798544,0.4117647111415863
NO_SWIPE,1789324129.4654822,-0.002507448196411133,0.0015372037887573242,0.007379472255706787,0.0029411378782242537,0.3985566794872284,0.0004340865998528898,0.0012228569248691201,0.47058823704719543
NO_SWIPE,1789324129.984778,0.004162311553955078,-0.0029116272926330566,0.009147481992840767,0.005079607479274273,0.5553011894226074,0.0005380871589295566,0.002722883829846978,0.7058823704719543
NO_SWIPE,1789324130.4836526,0.001445174217224121,-0.004296302795410156,0.00844418816268444,0.004532851744443178,0.5368013978004456,0.0004967169370502234,0.0021390884649008512,0.529411792755127
NO_SWIPE,1789324130.9919624,0.005372822284698486,-0.009002208709716797,0.0149961793795228,0.010483653284609318,0.6990882754325867,0.0008821281953714788,0.0037515051662921906,0.529411792755127
NO_SWIPE,1789324131.4890473,0.008983969688415527,-0.0038239359855651855,0.017404815182089806,0.009763923473656178,0.5609897971153259,0.001023812685161829,0.003931310027837753,0.5882353186607361
NO_SWIPE,1789324131.9800324,0.008144676685333252,-0.004376769065856934,0.014907576143741608,0.009246180765330791,0.6202337145805359,0.000876916223205626,0.003717368235811591,0.5882353186607361
NO_SWIPE,1789324132.5219567,-0.002344369888305664,0.00752025842666626,0.015035826712846756,0.007877204567193985,0.5238956809043884,0.0008844604017212987,0.002568088239058852,0.6470588445663452
NO_SWIPE,1789324133.0128827,-0.003687918186187744,0.005800485610961914,0.010084012523293495,0.006873599719256163,0.6816334128379822,0.0005931772175244987,0.0022595617920160294,0.47058823704719543
NO_SWIPE,1789324133.5024412,0.003247678279876709,0.00027370452880859375,0.006717592477798462,0.0032591912895441055,0.4851725399494171,0.00039515248499810696,0.0019902470521628857,0.7647058963775635
NO_SWIPE,1789324133.9975324,0.004080593585968018,0.00157243013381958,0.010490363463759422,0.004373074509203434,0.41686585545539856,0.0006170801934786141,0.0022049974650144577,0.6470588445663452
NO_SWIPE,1789324134.4751675,0.00677412748336792,0.0054076313972473145,0.01432457473129034,0.008667830377817154,0.6051021218299866,0.0008426220156252384,0.003686673706397414,0.6470588445663452
NO_SWIPE,1789324134.9718966,0.011049151420593262,0.009634196758270264,0.020441509783267975,0.01465951930731535,0.7171446084976196,0.0012024417519569397,0.005586622282862663,0.529411792755127
NO_SWIPE,1789324135.4660718,0.007159113883972168,0.010648667812347412,0.01855924166738987,0.012831485830247402,0.6913799047470093,0.0010917200706899166,0.0050707315094769,0.6470588445663452
NO_SWIPE,1789324135.9555986,0.0010287761688232422,0.00216066837310791,0.01194380410015583,0.0023930876050144434,0.20036226511001587,0.0007025767117738724,0.002763437805697322,0.47058823704719543
NO_SWIPE,1789324136.4430676,0.0013829469680786133,0.0003758668899536133,0.014029890298843384,0.0014331148704513907,0.10214725881814957,0.000825287657789886,0.0033330260775983334,0.47058823704719543
NO_SWIPE,1789324136.9411528,0.0011704564094543457,0.005688965320587158,0.01357963029295206,0.005808123387396336,0.4277084767818451,0.0007988017750903964,0.002548153279349208,0.6470588445663452
NO_SWIPE,1789324137.4358482,-0.0012784004211425781,0.0023741722106933594,0.008494921959936619,0.0026964794378727674,0.3174225091934204,0.0004997013020329177,0.001430728123523295,0.529411792755127
NO_SWIPE,1789324137.929397,-0.0016200542449951172,-0.0006873011589050293,0.009778621606528759,0.001759817823767662,0.17996583878993988,0.0005752130527980626,0.0011729402467608452,0.47058823704719543
NO_SWIPE,1789324138.4256113,0.0010882019996643066,-0.0032155513763427734,0.018045635893940926,0.003394694998860359,0.18811723589897156,0.0010615079663693905,0.0034334168303757906,0.7647058963775635
NO_SWIPE,1789324138.909011,-0.005893230438232422,-0.0016057491302490234,0.01615162193775177,0.006108076311647892,0.37817108631134033,0.0009500954183749855,0.0033691071439534426,0.8235294222831726
NO_SWIPE,1789324139.453017,-0.00910407304763794,0.00011038780212402344,0.01932375319302082,0.009104742668569088,0.4711684286594391,0.0011366913095116615,0.003672356018796563,0.7058823704719543
NO_SWIPE,1789324139.9469614,-0.00814962387084961,-0.0008937716484069824,0.016222381964325905,0.00819848757237196,0.5053812265396118,0.0009542577899992466,0.002758882474154234,0.6470588445663452
NO_SWIPE,1789324140.4428072,-0.004260063171386719,-0.0012186169624328613,0.011759888380765915,0.004430932924151421,0.3767835795879364,0.0006917581195011735,0.0017763822106644511,0.529411792755127
NO_SWIPE,1789324140.9398403,-0.0005077123641967773,0.0010228157043457031,0.011019469238817692,0.0011418948415666819,0.10362520813941956,0.0006482040625996888,0.0023321814369410276,0.47058823704719543
NO_SWIPE,1789324141.4585788,-0.0037795305252075195,3.1054019927978516e-05,0.012396038509905338,0.003779658116400242,0.30490854382514954,0.0007291787187568843,0.003087156219407916,0.529411792755127
NO_SWIPE,1789324141.9833443,-0.007512331008911133,-0.0022546052932739258,0.014873446896672249,0.007843364030122757,0.5273400545120239,0.0008749086409807205,0.0031854293774813414,0.529411792755127
NO_SWIPE,1789324142.4710224,-0.004765331745147705,0.0014724135398864746,0.011262452229857445,0.004987623542547226,0.4428541362285614,0.0006624971865676343,0.002317118924111128,0.529411792755127
NO_SWIPE,1789324142.9576924,-0.0002307295799255371,0.0011770129203796387,0.012023763731122017,0.0011994147207587957,0.09975367784500122,0.000707280240021646,0.0021332851611077785,0.529411792755127
NO_SWIPE,1789324143.4567869,0.0007048249244689941,0.0018463134765625,0.0078911567106843,0.001976272091269493,0.25044137239456177,0.0004641856939997524,0.0012816168600693345,0.47058823704719543
NO_SWIPE,1789324143.9462929,-0.0034159421920776367,0.005245387554168701,0.01256611105054617,0.006259612739086151,0.49813443422317505,0.0007391829858534038,0.0027243683580309153,0.7058823704719543
NO_SWIPE,1789324144.4462352,-0.002920866012573242,0.0010887980461120605,0.011618170887231827,0.0031172006856650114,0.26830390095710754,0.0006834217929281294,0.0029189717024564743,0.6470588445663452
